name,phone
User1,9876500001
User2,9876500002
User3,9876500003
User4,9876500004
User5,9876500005
User6,9876500006
User7,9876500007
User8,9876500008
User9,9876500009
User10,9876500010
User11,9876500011
User12,9876500012
User13,9876500013
User14,9876500014
User15,9876500015
User16,9876500016
User17,9876500017
User18,9876500018
User19,9876500019
User20,9876500020
User21,9876500021
User22,9876500022
User23,9876500023
User24,9876500024
User25,9876500025
User26,9876500026
User27,9876500027
User28,9876500028
User29,9876500029
User30,9876500030
User31,9876500031
User32,9876500032
User33,9876500033
User34,9876500034
User35,9876500035
User36,9876500036
User37,9876500037
User38,9876500038
User39,9876500039
User40,9876500040
User41,9876500041
User42,9876500042
User43,9876500043
User44,9876500044
User45,9876500045
User46,9876500046
User47,9876500047
User48,9876500048
User49,9876500049
User50,9876500050
User51,9876500051
User52,9876500052
User53,9876500053
User54,9876500054
User55,9876500055
User56,9876500056
User57,9876500057
User58,9876500058
User59,9876500059
User60,9876500060
User61,9876500061
User62,9876500062
User63,9876500063
User64,9876500064
User65,9876500065
User66,9876500066
User67,9876500067
User68,9876500068
User69,9876500069
User70,9876500070
User71,9876500071
User72,9876500072
User73,9876500073
User74,9876500074
User75,9876500075
User76,9876500076
User77,9876500077
User78,9876500078
User79,9876500079
User80,9876500080
User81,9876500081
User82,9876500082
User83,9876500083
User84,9876500084
User85,9876500085
User86,9876500086
User87,9876500087
User88,9876500088
User89,9876500089
User90,9876500090
User91,9876500091
User92,9876500092
User93,9876500093
User94,9876500094
User95,9876500095
User96,9876500096
User97,9876500097
User98,9876500098
User99,9876500099
User100,9876500100
